<?xml version="1.0" encoding="UTF-8" ?>
<!DOCTYPE mapper PUBLIC "-//mybatis.org//DTD Mapper 3.0//EN" "http://mybatis.org/dtd/mybatis-3-mapper.dtd">
<mapper namespace="com.sportswork.sportswork.core.mapper.UserRoleMapper">
    <!--添加用户角色-->
    <insert id="addUserRole" useGeneratedKeys="true" keyProperty="id" parameterType="UserRole">
        INSERT INTO user_role (id, user_id, role_id)
        VALUES (#{id,jdbcType=VARCHAR},#{userId,jdbcType=VARCHAR}, #{roleId,jdbcType=VARCHAR})
        <selectKey order="BEFORE" resultType="String" keyProperty="id">
            select REPLACE(UUID(), '-', '')
        </selectKey>
    </insert>

    <!--删除用户角色-->
    <delete id="delUserRole" parameterType="String">
        DELETE FROM user_role
        WHERE id = #{id}
    </delete>

    <!--按角色删除用户角色-->
    <delete id="delUserRoleByUser" parameterType="String">
        DELETE FROM user_role
        WHERE user_id = #{userId}
    </delete>

    <!--获取用户角色数量-->
    <select id="getCount" resultType="long">
        SELECT COUNT(1)
        FROM user_role
    </select>
</mapper>